<?xml version="1.0"?>
<!DOCTYPE module PUBLIC
    "-//Puppy Crawl//DTD Check Configuration 1.1//EN"
    "http://www.puppycrawl.com/dtds/configuration_1_1.dtd">

<!-- USE - UML based specification environment -->
<!-- Copyright (C) 1999,2000 Mark Richters, University of Bremen -->

<!-- This program is free software; you can redistribute it and/or -->
<!-- modify it under the terms of the GNU General Public License as -->
	<!--
		published by the Free Software Foundation; either version 2 of the
	-->
<!-- License, or (at your option) any later version. -->

	<!--
		This program is distributed in the hope that it will be useful, but
	-->
<!-- WITHOUT ANY WARRANTY; without even the implied warranty of -->
	<!--
		MERCHANTABILITY or FITNESS FOR A PARTICULAR PURPOSE. See the GNU
	-->
<!-- General Public License for more details. -->

	<!--
		You should have received a copy of the GNU General Public License
	-->
<!-- along with this program; if not, write to the Free Software -->
<!-- Foundation, Inc., 675 Mass Ave, Cambridge, MA 02139, USA.   -->

<!-- This is a configuration file for the checkstyle utility -->
<!-- Based on examples/conf/BlochEffectiveJava.xml -->
	<!--
		Most checks are disabled due to the already existing USE src code
	-->
  
<module name="Checker">

  <module name="TreeWalker">   
  
    <module name="IllegalInstantiation">
      <property name="classes" value="java.lang.Boolean, java.lang.String"/>
    </module>
    
    <module name="EqualsHashCode"/>
  
    <!--    <module name="VisibilityModifier"/> -->
	
    <!--     <module name="InterfaceIsType"/> -->
    
    <!--     <module name="ParameterNumber"> -->
    <!--       <property name="max" value="4"/> -->
    <!--     </module> -->
    
    <!--     <module name="JavadocType"> -->
    <!--       <property name="scope" value="public"/> -->
    <!--     </module> -->
    
    <!--     <module name="JavadocMethod">  -->
    <!--       <property name="scope" value="public"/> -->
    <!--       <property name="allowMissingParamTags" value="true"/> -->
    <!--       <property name="allowMissingReturnTag" value="true"/> -->
    <!--     </module> -->
    
    <!--     <module name="JavadocVariable"> -->
    <!--       <property name="scope" value="public"/> -->
    <!--     </module>  -->
    
    <!--     <module name="TypeName"/> -->
    
    <!--     <module name="ConstantName"/> -->
    
    <!--     <module name="LocalFinalVariableName"/> -->
    
    <!--     <module name="LocalVariableName"/> -->
    
    <!--     <module name="MemberName"/> -->
    
    <!--     <module name="MethodName"/> -->
    
    <!--     <module name="ParameterName"/> -->
    
    <!--     <module name="StaticVariableName"/> -->

    <module name="EmptyBlock">
      <property name="tokens" value="LITERAL_CATCH"/>
      <!-- require a comment, change to stmt to require a statement -->
      <property name="option" value="text"/>
    </module>

	<module name="LineLength">
      <property name="max" value="120"/>
    </module>

	<module name="UnusedImports"/>
    
    <!--    <module name="AvoidStarImport"> -->
		<!--
			<property name="excludes"
			value="java.io,java.util,org.apache.bcel.generic"/>
		-->
    <!--     </module> -->
	
	<module name="EmptyStatement"/>
 
	<module name="CovariantEquals"/>

	<module name="MissingSwitchDefault"/>
	
    <module name="RedundantThrows">
      <property name="allowUnchecked" value="true"/>
    </module>

	<module name="SuperClone"/>
	
    <!-- <module name="DeclarationOrder"/> -->
	
    <module name="ModifierOrder"/>
	
    <module name="HideUtilityClassConstructor"/>
	
    <module name="MutableException"/>
	
    <module name="TabCharacter"/>

    <!--     <module name="AbstractClassName"/> -->
    
    <!--     <module name="Header"> -->
		<!--
			<property name="headerFile" value="./etc/java-header-generator.txt"/>
		-->
    <!--       <property name="ignoreLines" value="2"/> -->
    <!--     </module> -->
      
    <module name="DoubleCheckedLocking"/>
    
    <module name="HiddenField">
      <property name="ignoreConstructorParameter" value="true"/>
    </module>

    <!-- configure the check to enforce indentation style -->
    <!-- recommended by Sun  -->
    <!--    <module name="Indentation"> -->
    <!--       <property name="caseIndent" value="0"/> -->
    <!--     </module> -->

  </module>
</module>
      